{"topic": "AI in Education", "introduction": {"title": "Revolutionizing the Way We Learn: The Role of AI in Education", "text": ["The integration of Artificial Intelligence (AI) in education has been a topic of interest in recent years. With the rapid advancement of technology, AI has the potential to transform the way we learn and teach. From personalized learning experiences to intelligent tutoring systems, AI is revolutionizing the education sector. In this blog, we will explore the current state of AI in education, its benefits, and its potential to shape the future of learning.", "The use of AI in education is not a new concept, but its application has become more widespread and sophisticated in recent years. AI-powered tools and platforms are being used to enhance teaching and learning experiences, making education more accessible, effective, and engaging. In this blog, we will delve into the world of AI in education, exploring its current state, benefits, and future prospects."]}, "background": {"title": "A Brief History of AI in Education", "text": ["The concept of AI in education dates back to the 1960s, when the first AI-powered educational systems were developed. These early systems were designed to provide personalized learning experiences for students, using algorithms to adapt to their learning styles and abilities. However, it wasn't until the 1990s that AI began to gain traction in the education sector, with the development of intelligent tutoring systems (ITS) that could provide one-on-one support to students.", "In the 2000s, the rise of online learning platforms and the proliferation of mobile devices created new opportunities for AI to be integrated into education. Today, AI-powered tools and platforms are being used in various aspects of education, from student assessment and feedback to curriculum design and teacher support. The use of AI in education has the potential to address some of the biggest challenges facing the sector, including teacher shortages, unequal access to education, and the need for more effective and engaging learning experiences."]}, "current_state": {"title": "The Current State of AI in Education", "text": ["The current state of AI in education is characterized by the widespread adoption of AI-powered tools and platforms. These tools are being used in various aspects of education, including student assessment, feedback, and learning analytics. AI-powered adaptive learning systems are also being used to provide personalized learning experiences for students, using algorithms to adapt to their learning styles and abilities.", "One of the most significant applications of AI in education is in the area of student assessment and feedback. AI-powered tools can analyze student performance data and provide instant feedback, helping teachers to identify areas where students need additional support. AI-powered learning analytics platforms can also provide insights into student learning behaviors, helping teachers to tailor their instruction to meet the needs of individual students."]}, "conclusion": {"title": "The Future of AI in Education", "text": ["The integration of AI in education has the potential to transform the way we learn and teach. From personalized learning experiences to intelligent tutoring systems, AI is revolutionizing the education sector. As AI continues to evolve and improve, we can expect to see even more sophisticated applications of AI in education, including the use of natural language processing and computer vision.", "However, the adoption of AI in education also raises important questions about the role of human teachers and the potential for bias in AI-powered systems. As we move forward, it is essential that we prioritize the development of AI-powered tools and platforms that are designed to support and augment human teaching, rather than replace it. By working together, we can harness the power of AI to create a more effective, engaging, and equitable education system for all."]}, "future_prospects": {"title": "The Future Prospects of AI in Education", "text": ["The future prospects of AI in education are vast and exciting. As AI continues to evolve and improve, we can expect to see even more sophisticated applications of AI in education, including the use of natural language processing and computer vision. AI-powered tools and platforms will become increasingly sophisticated, providing teachers with more effective and efficient ways to support student learning.", "One of the most significant areas of growth for AI in education is in the area of natural language processing. AI-powered tools can analyze student writing and provide instant feedback, helping teachers to identify areas where students need additional support. AI-powered chatbots can also provide students with 24/7 support, helping them to overcome obstacles and stay on track with their learning."]}, "challenges": {"title": "The Challenges of AI in Education", "text": ["While the integration of AI in education has the potential to transform the way we learn and teach, it also raises important challenges. One of the biggest challenges facing the education sector is the need to ensure that AI-powered tools and platforms are designed to support and augment human teaching, rather than replace it.", "Another significant challenge is the potential for bias in AI-powered systems. AI systems can perpetuate existing biases and inequalities, particularly if they are trained on biased data. It is essential that we prioritize the development of AI-powered tools and platforms that are designed to promote equity and inclusion, rather than exacerbate existing inequalities."]}, "benefits": {"title": "The Benefits of AI in Education", "text": ["The benefits of AI in education are numerous and significant. AI-powered tools and platforms can provide teachers with more effective and efficient ways to support student learning, helping to improve student outcomes and close the achievement gap.", "AI-powered adaptive learning systems can also provide personalized learning experiences for students, using algorithms to adapt to their learning styles and abilities. This can help to improve student engagement and motivation, particularly for students who may be struggling with traditional teaching methods."]}}