{"topic": "AI in Gaming", "introduction": {"title": "The Rise of Artificial Intelligence in Gaming", "text": ["Artificial intelligence (AI) has revolutionized the gaming industry in recent years, transforming the way games are designed, developed, and played. From simple NPCs (non-player characters) to complex AI-powered game engines, AI has become an integral part of modern gaming. In this blog, we'll explore the world of AI in gaming, its current state, and its future prospects.", "The integration of AI in gaming has opened up new possibilities for game developers, allowing them to create more immersive, interactive, and realistic gaming experiences. AI-powered game engines can simulate complex behaviors, generate dynamic content, and even learn from player interactions. This has led to the creation of more engaging and responsive games that can adapt to individual player preferences and skill levels."]}, "background": {"title": "A Brief History of AI in Gaming", "text": ["The concept of AI in gaming dates back to the 1970s, when the first AI-powered game, 'Colossal Cave Adventure,' was developed. However, it wasn't until the 1990s that AI started to gain traction in the gaming industry. Games like 'Myst' and 'The Sims' introduced AI-powered NPCs that could interact with players in a more realistic way. Since then, AI has continued to evolve, with the development of more sophisticated AI algorithms and machine learning techniques.", "The rise of indie game development and the proliferation of game engines like Unity and Unreal Engine have made it easier for developers to integrate AI into their games. This has led to a surge in AI-powered games, from puzzle games like 'Portal' to action games like 'Doom.' Today, AI is an essential component of modern gaming, and its impact is felt across various genres and platforms."]}, "current_state": {"title": "The Current State of AI in Gaming", "text": ["The current state of AI in gaming is characterized by the widespread adoption of AI-powered game engines and the development of more sophisticated AI algorithms. Game engines like Unity and Unreal Engine offer built-in AI tools and features that make it easier for developers to integrate AI into their games. These engines can simulate complex behaviors, generate dynamic content, and even learn from player interactions.", "AI-powered games are becoming increasingly popular, with many titles incorporating AI-powered NPCs, enemies, and even game masters. Games like 'The Last of Us' and 'Horizon Zero Dawn' feature AI-powered enemies that can adapt to player behavior and learn from their mistakes. Other games like 'Overwatch' and 'Rainbow Six Siege' use AI to create more realistic and responsive gameplay experiences."]}, "conclusion": {"title": "The Future of AI in Gaming", "text": ["The future of AI in gaming looks bright, with many exciting developments on the horizon. As AI technology continues to evolve, we can expect to see more sophisticated AI-powered game engines and more realistic AI-powered game experiences. Game developers will be able to create more immersive, interactive, and responsive games that can adapt to individual player preferences and skill levels.", "The integration of AI in gaming will also lead to new business models and revenue streams, such as AI-powered game subscription services and AI-driven game analytics. As AI continues to transform the gaming industry, we can expect to see more innovative and engaging games that push the boundaries of what is possible in the world of gaming."]}}