{"topic": "AI in Law", "introduction": {"title": "The Rise of Artificial Intelligence in the Legal Profession", "text": ["The legal profession is on the cusp of a revolution, driven by the increasing adoption of artificial intelligence (AI) technologies. AI in law refers to the use of machine learning algorithms, natural language processing, and other AI techniques to automate tasks, improve efficiency, and enhance decision-making in the legal industry.", "From document review to contract analysis, AI is transforming the way lawyers work, freeing them from mundane tasks and enabling them to focus on higher-value activities such as strategy, advice, and advocacy. As AI continues to evolve, it is likely to have a profound impact on the legal profession, changing the way lawyers practice, the way law firms operate, and the way justice is delivered."]}, "background": {"title": "A Brief History of AI in Law", "text": ["The use of AI in law dates back to the 1980s, when the first expert systems were developed to assist lawyers with tasks such as contract analysis and document review. However, it was not until the 2010s that AI began to gain traction in the legal industry, with the development of machine learning algorithms and natural language processing techniques.", "Today, AI is being used in a wide range of applications, from predictive analytics to contract review, and from e-discovery to legal research. The use of AI in law is being driven by a number of factors, including the increasing volume of data, the need for greater efficiency, and the desire for improved accuracy and consistency."]}, "current_state": {"title": "The Current State of AI in Law", "text": ["The current state of AI in law is characterized by a number of key trends and developments. One of the most significant is the increasing use of machine learning algorithms to automate tasks such as document review and contract analysis. These algorithms are able to quickly and accurately review large volumes of data, identifying patterns and anomalies that may not be apparent to human reviewers.", "Another key trend is the use of natural language processing (NLP) to analyze and understand the meaning of language. NLP is being used in a wide range of applications, from legal research to contract review, and from e-discovery to document analysis. The use of NLP is enabling lawyers to quickly and accurately analyze large volumes of data, identifying key issues and trends that may not be apparent to human analysts."]}, "conclusion": {"title": "The Future of AI in Law", "text": ["The future of AI in law is likely to be shaped by a number of key trends and developments. One of the most significant is the increasing use of machine learning algorithms to automate tasks such as document review and contract analysis. These algorithms are likely to become even more sophisticated, enabling them to quickly and accurately review large volumes of data, identifying patterns and anomalies that may not be apparent to human reviewers.", "Another key trend is the use of NLP to analyze and understand the meaning of language. NLP is likely to become even more prevalent, enabling lawyers to quickly and accurately analyze large volumes of data, identifying key issues and trends that may not be apparent to human analysts. As AI continues to evolve, it is likely to have a profound impact on the legal profession, changing the way lawyers practice, the way law firms operate, and the way justice is delivered."]}, "future_directions": {"title": "Future Directions for AI in Law", "text": ["There are a number of future directions for AI in law, including the use of machine learning algorithms to automate tasks such as document review and contract analysis, the use of NLP to analyze and understand the meaning of language, and the use of predictive analytics to identify potential risks and opportunities.", "Another key direction is the use of AI to improve access to justice. AI can be used to develop tools that enable people to navigate the legal system more easily, and to provide access to justice for those who may not have been able to afford it otherwise. This could include the use of AI-powered chatbots to provide legal advice, and the use of AI-powered document analysis tools to help people understand their rights and obligations."]}, "challenges": {"title": "Challenges and Limitations of AI in Law", "text": ["There are a number of challenges and limitations associated with the use of AI in law, including the need for high-quality data to train machine learning algorithms, the risk of bias and error in AI decision-making, and the need for lawyers to understand and interpret the results of AI analysis.", "Another key challenge is the need for regulatory frameworks to govern the use of AI in law. As AI becomes more prevalent, there is a need for clear guidelines and regulations to ensure that AI is used in a way that is fair, transparent, and accountable."]}, "impact_on_lawyers": {"title": "The Impact of AI on Lawyers", "text": ["The use of AI in law is likely to have a significant impact on lawyers, including the need to develop new skills and competencies, the need to work more closely with AI systems, and the need to adapt to changing workflows and processes.", "Another key impact is the need for lawyers to understand and interpret the results of AI analysis. This will require lawyers to develop new skills and competencies, including the ability to understand and interpret complex data, and to communicate effectively with clients and other stakeholders."]}, "impact_on_law_firms": {"title": "The Impact of AI on Law Firms", "text": ["The use of AI in law is likely to have a significant impact on law firms, including the need to invest in new technologies and systems, the need to develop new business models and revenue streams, and the need to adapt to changing client needs and expectations.", "Another key impact is the need for law firms to develop new skills and competencies, including the ability to work with AI systems, and to communicate effectively with clients and other stakeholders."]}, "impact_on_justice": {"title": "The Impact of AI on Justice", "text": ["The use of AI in law is likely to have a significant impact on justice, including the need to ensure that AI is used in a way that is fair, transparent, and accountable, the need to develop new tools and technologies to improve access to justice, and the need to adapt to changing client needs and expectations.", "Another key impact is the need for justice systems to develop new skills and competencies, including the ability to work with AI systems, and to communicate effectively with clients and other stakeholders."]}}