{"topic": "AI in Internet", "introduction": {"title": "The Rise of AI in Internet: A New Era of Innovation", "text": ["The internet has revolutionized the way we live, work, and communicate. With the advent of artificial intelligence (AI), the internet has become even more powerful and transformative. AI has enabled the creation of intelligent systems that can learn, reason, and interact with humans in a more natural and intuitive way.", "In this blog, we will explore the role of AI in the internet, its current state, and its potential impact on various industries and aspects of our lives. We will also discuss the challenges and opportunities that come with the integration of AI in the internet."]}, "background": {"title": "A Brief History of AI in Internet", "text": ["The concept of AI has been around for decades, but it wasn't until the 1990s that AI began to gain traction in the internet. The development of the World Wide Web and the widespread adoption of the internet enabled the creation of online communities, social networks, and e-commerce platforms.", "In the early 2000s, AI began to be used in various applications, such as chatbots, recommendation systems, and natural language processing. These early AI systems were limited in their capabilities, but they laid the foundation for the more advanced AI systems that followed."]}, "current_state": {"title": "The Current State of AI in Internet", "text": ["Today, AI is ubiquitous in the internet. It is used in various applications, such as:", "- Virtual assistants, such as Siri, Alexa, and Google Assistant, which can perform tasks, answer questions, and provide information.", "- Social media platforms, which use AI to personalize content, detect fake news, and recommend friends.", "- E-commerce platforms, which use AI to recommend products, predict customer behavior, and optimize supply chains.", "- Online education platforms, which use AI to personalize learning experiences, grade assignments, and provide feedback.", "AI has also enabled the creation of new internet-based services, such as:", "- Online language translation services, which can translate text and speech in real-time.", "- Image and video recognition services, which can identify objects, people, and scenes in images and videos.", "- Predictive analytics services, which can analyze data to predict customer behavior, detect anomalies, and optimize business processes."]}, "conclusion": {"title": "The Future of AI in Internet", "text": ["The integration of AI in the internet has transformed the way we live, work, and communicate. AI has enabled the creation of intelligent systems that can learn, reason, and interact with humans in a more natural and intuitive way.", "As AI continues to evolve, we can expect to see even more innovative applications and services emerge. Some potential areas of focus include:", "- Edge AI, which enables AI to be deployed on edge devices, such as smartphones, smart home devices, and autonomous vehicles.", "- Explainable AI, which enables AI systems to provide transparent and interpretable explanations for their decisions and actions.", "- Human-AI collaboration, which enables humans and AI systems to work together to achieve common goals and objectives.", "Overall, the future of AI in the internet is bright and full of possibilities. As we continue to push the boundaries of what is possible with AI, we can expect to see even more transformative and innovative applications emerge."]}, "challenges": {"title": "Challenges and Opportunities of AI in Internet", "text": ["While AI has the potential to transform the internet and various industries, there are also challenges and opportunities that come with its integration.", "Some of the challenges include:", "- Data quality and availability, which can impact the accuracy and reliability of AI systems.", "- Bias and fairness, which can lead to AI systems perpetuating existing social and economic inequalities.", "- Security and privacy, which can be compromised by AI systems that are vulnerable to cyber attacks and data breaches.", "Some of the opportunities include:", "- Improved customer experience, which can be achieved through personalized and intuitive interactions with AI systems.", "- Increased efficiency and productivity, which can be achieved through automation and optimization of business processes.", "- New business models and revenue streams, which can be created through the development of AI-powered services and products."]}, "future_directions": {"title": "Future Directions of AI in Internet", "text": ["As AI continues to evolve, there are several future directions that are worth exploring.", "- Research and development of new AI algorithms and techniques, such as deep learning and reinforcement learning.", "- Development of new AI-powered services and products, such as virtual and augmented reality, and autonomous vehicles.", "- Integration of AI with other emerging technologies, such as blockchain and the Internet of Things (IoT).", "- Development of new business models and revenue streams, such as subscription-based services and data monetization."]}, "impact_on_society": {"title": "Impact of AI on Society", "text": ["The integration of AI in the internet has the potential to transform various aspects of society, including:", "- Education, which can be improved through personalized and adaptive learning experiences.", "- Healthcare, which can be improved through predictive analytics and personalized medicine.", "- Transportation, which can be improved through autonomous vehicles and smart traffic management.", "- Energy and environment, which can be improved through smart grids and renewable energy sources.", "However, there are also potential risks and challenges associated with the integration of AI in society, including:", "- Job displacement, which can occur as AI systems automate tasks and processes.", "- Bias and fairness, which can lead to AI systems perpetuating existing social and economic inequalities.", "- Security and privacy, which can be compromised by AI systems that are vulnerable to cyber attacks and data breaches."]}}