{"topic": "AI in IT", "introduction": {"title": "The Rise of Artificial Intelligence in Information Technology", "text": ["Artificial Intelligence (AI) has been a buzzword in the Information Technology (IT) industry for several years now. From virtual assistants to predictive analytics, AI has revolutionized the way businesses operate and interact with their customers. In this blog, we will delve into the world of AI in IT, exploring its background, current state, and future prospects.", "The integration of AI in IT has been a gradual process, with the first AI-powered systems emerging in the 1950s. However, it wasn't until the 2010s that AI started to gain mainstream attention, with the rise of machine learning and deep learning algorithms. Today, AI is an integral part of many IT systems, from customer service chatbots to cybersecurity solutions."]}, "background": {"title": "A Brief History of AI in IT", "text": ["The concept of AI dates back to ancient Greece, where philosophers like Aristotle and Plato explored the idea of artificial life. However, the modern era of AI began in the 1950s, with the development of the first AI-powered computer program, called Logical Theorist. This program was designed to simulate human problem-solving abilities and was developed by Allen Newell and Herbert Simon.", "In the 1960s and 1970s, AI research focused on developing rule-based systems, which were designed to mimic human decision-making processes. However, these systems were limited in their ability to learn and adapt to new situations. It wasn't until the 1980s that AI research shifted towards machine learning, which allowed systems to learn from data and improve their performance over time."]}, "current_state": {"title": "The Current State of AI in IT", "text": ["Today, AI is an integral part of many IT systems, from customer service chatbots to cybersecurity solutions. AI-powered chatbots can handle customer inquiries, provide support, and even offer personalized recommendations. AI-powered cybersecurity solutions can detect and prevent cyber threats, reducing the risk of data breaches and other security incidents.", "AI is also being used in IT operations, such as predictive maintenance and network management. Predictive maintenance uses machine learning algorithms to predict when equipment is likely to fail, allowing IT teams to schedule maintenance and reduce downtime. Network management uses AI to monitor network traffic and detect potential security threats."]}, "conclusion": {"title": "The Future of AI in IT", "text": ["As AI continues to evolve and improve, we can expect to see even more innovative applications in the IT industry. From AI-powered virtual assistants to autonomous systems, the possibilities are endless. However, as AI becomes more pervasive, we must also consider the potential risks and challenges associated with its use.", "One of the biggest challenges facing the IT industry is the need for skilled professionals who can develop and implement AI-powered systems. As AI becomes more complex, the need for specialized skills and expertise will only increase. Additionally, there are concerns about the potential for AI to displace human workers, particularly in industries where tasks are repetitive or can be easily automated."]}, "future_prospects": {"title": "The Future Prospects of AI in IT", "text": ["Despite the challenges, the future prospects for AI in IT are bright. As AI continues to improve, we can expect to see even more innovative applications in the IT industry. From AI-powered virtual assistants to autonomous systems, the possibilities are endless. Additionally, AI has the potential to drive significant cost savings and efficiency gains in IT operations, making it an attractive solution for businesses looking to reduce costs and improve productivity.", "One area where AI is likely to have a significant impact is in the field of cybersecurity. As AI-powered systems become more prevalent, the need for advanced cybersecurity solutions will only increase. AI-powered cybersecurity solutions can detect and prevent cyber threats, reducing the risk of data breaches and other security incidents. Additionally, AI can be used to develop more effective incident response plans, reducing the time and cost associated with responding to security incidents."]}, "challenges": {"title": "The Challenges of AI in IT", "text": ["Despite the many benefits of AI in IT, there are also several challenges that must be addressed. One of the biggest challenges is the need for skilled professionals who can develop and implement AI-powered systems. As AI becomes more complex, the need for specialized skills and expertise will only increase.", "Another challenge facing the IT industry is the potential for AI to displace human workers, particularly in industries where tasks are repetitive or can be easily automated. While AI has the potential to drive significant cost savings and efficiency gains, it also raises concerns about job displacement and the need for workers to develop new skills to remain employable."]}, "best_practices": {"title": "Best Practices for Implementing AI in IT", "text": ["When implementing AI in IT, there are several best practices that should be followed. First, it's essential to have a clear understanding of the business needs and goals that AI can help address. This will ensure that AI is implemented in a way that aligns with the organization's overall strategy and objectives.", "Second, it's crucial to have a skilled team in place to develop and implement AI-powered systems. This may require investing in training and development programs to ensure that employees have the necessary skills and expertise to work with AI."]}}